视频ID,发布日期,播放量,点赞,评论,转发,收藏,挂车点击,成交单数
DY001,2024-01-01,125000,8500,320,450,890,1200,85
DY002,2024-01-02,98000,6200,280,380,720,950,68
DY003,2024-01-03,156000,12500,480,620,1350,1850,132
DY004,2024-01-04,89000,5800,210,290,580,780,52
DY005,2024-01-05,203000,18600,750,980,2100,2850,195
DY006,2024-01-06,112000,8900,350,470,980,1350,95
DY007,2024-01-07,145000,11200,420,580,1280,1680,118
DY008,2024-01-08,178000,15300,620,750,1750,2250,158
DY009,2024-01-09,95000,6800,250,340,680,890,62
DY010,2024-01-10,168000,13800,520,680,1580,2050,145
